{
  "project_info": {
    "project_number": "139202521527",
    "firebase_url": "https://social-distance-df119.firebaseio.com",
    "project_id": "social-distance-df119",
    "storage_bucket": "social-distance-df119.appspot.com"
  },
  "client": [
    {
      "client_info": {
        "mobilesdk_app_id": "1:139202521527:android:b52b25bb7864c34f056032",
        "android_client_info": {
          "package_name": "com.rozdoum.socialcomponents"
        }
      },
      "oauth_client": [
        {
          "client_id": "139202521527-jsed8jkpcn7el8vgbl7rs1n014ava4k0.apps.googleusercontent.com",
          "client_type": 3
        }
      ],
      "api_key": [
        {
          "current_key": "AIzaSyDmi8GuAqg30fndlDZClVHx8_oEx4ujb5U"
        }
      ],
      "services": {
        "appinvite_service": {
          "other_platform_oauth_client": [
            {
              "client_id": "139202521527-jsed8jkpcn7el8vgbl7rs1n014ava4k0.apps.googleusercontent.com",
              "client_type": 3
            }
          ]
        }
      }
    }
  ],
  "configuration_version": "1"
}