{
  "project_info": {
    "project_number": "970464663566",
    "firebase_url": "https://social-distance-v3.firebaseio.com",
    "project_id": "social-distance-v3",
    "storage_bucket": "social-distance-v3.appspot.com"
  },
  "client": [
    {
      "client_info": {
        "mobilesdk_app_id": "1:970464663566:android:e0540872aad310b74d845f",
        "android_client_info": {
          "package_name": "com.cis44140.team3.socialdistance"
        }
      },
      "oauth_client": [
        {
          "client_id": "970464663566-er88241jpdaerqlisjb7c5kg5gurp38t.apps.googleusercontent.com",
          "client_type": 1,
          "android_info": {
            "package_name": "com.cis44140.team3.socialdistance",
            "certificate_hash": "083755e29592b923e3606a624d399cb2ffa89d4c"
          }
        },
        {
          "client_id": "970464663566-vb7n9aop646ev964hm8qofhfl87fmfos.apps.googleusercontent.com",
          "client_type": 3
        }
      ],
      "api_key": [
        {
          "current_key": "AIzaSyCkdp0x8x4K8ZXyym54c1Crr4e-6ZW1t3E"
        }
      ],
      "services": {
        "appinvite_service": {
          "other_platform_oauth_client": [
            {
              "client_id": "970464663566-vb7n9aop646ev964hm8qofhfl87fmfos.apps.googleusercontent.com",
              "client_type": 3
            }
          ]
        }
      }
    }
  ],
  "configuration_version": "1"
}